"","dur_latent","dur_incubation","dur_symptomatic","dur_admitted","dur_icu","prob_test","prob_admit_diagnosed","condprob_icu","condprob_cfr","R0","initpop","seed_backCalc","prop_travel_test","drop_Reffective","social_distancing","tau_1","tau_2","tau_1_max","tau_2_max","when_test_increase","Ncases_trigger","serial_interval","event_ss","event_ss_modulo","cfr_among_dx","import_travel","prob_diagnosed","prob_test_max","dur_subclinical","dur_inf","beta","omega","alpha","g1","g2","g3","rate_icu","death_rate","length_of_stay","parm_import","prob_admit","min_SI_calc","max_SI_calc","valid_si_check","validity_cfr_among_dx","valid_cfr_check","prob_test_max_valid","valid_prob_test_max_check","valid_tau_1_check","valid_tau_2_check","valid_prob_test_check","valid_keep","LHS_seed"
"2",2.95807966136374,3.10745859206887,6.8613830309012,10.0116183914198,7.58680721792392,0.0763475169441663,0.108669622551533,0.330591195420199,0.398660617690824,1.6460059883073,6196731,80.5491111352178,0.498991150470451,0.2,30,0.1,0.6,0.2,0.9,30,31,6.28207207928179,5,11,0.011,1,0.592178351308359,0.1,0.149378930705134,7.01076196160633,0.234782752191769,0.338057156830922,6.69438451111922,0.145743211754301,0.0998839509161704,0.131807751439563,0.0669675912516324,0.136419002693367,9.72154072868932,"import_ON",0.0643517979198687,2.95807966136374,9.96884162297007,TRUE,0.0143219705653786,TRUE,0.564129287284502,TRUE,TRUE,TRUE,TRUE,TRUE,2091
"4",1.86883848099271,4.72229527576827,6.67802125172457,11.0681808004621,6.51508746129461,0.0956462956329342,0.152742819956178,0.430990632400289,0.315426393794129,2.68989126523584,6196731,280.880623705331,0.354725889254827,0.2,30,0.1,0.6,0.2,0.9,30,31,6.55610103246616,5,11,0.011,1,0.552497533575259,0.1,2.85345679477556,9.53147804650012,0.282211347716795,0.535091721500089,0.350452125937536,0.149744956223635,0.0903490842829606,0.153489881132201,0.116806299419876,0.0936595142115721,8.8734300191426,"import_ON",0.0843900312971181,1.86883848099271,11.4003165274928,TRUE,0.0207647480511863,TRUE,0.511252081430803,TRUE,TRUE,TRUE,TRUE,TRUE,2091
"6",2.12056339082075,5.86769122014753,6.82362758896779,10.5821020719782,10.6008810974844,0.0531443105153739,0.184866682685213,0.316189501327742,0.515618886976677,1.48198309180327,6196731,213.917670392836,0.472010131674819,0.2,30,0.1,0.6,0.2,0.9,30,31,5.70282884806907,5,11,0.011,1,0.654934496934572,0.1,3.74712782932678,10.5707554182946,0.140196517009412,0.471572792555357,0.266871066466836,0.146549615576437,0.0944991829787809,0.0943317815570352,0.0579371583616727,0.248547321507367,9.47659532769202,"import_ON",0.121075567824403,2.12056339082075,12.6913188091153,TRUE,0.0301394214094958,TRUE,0.607400260553357,TRUE,TRUE,TRUE,TRUE,TRUE,2091
"7",1.68657764010597,7.99489394989098,9.49530540549895,10.7470081976731,7.85668679513037,0.0527588448938914,0.117893015740276,0.477318083868595,0.35686905469239,2.77347858255915,6196731,113.391055361358,0.185967553515453,0.2,30,0.1,0.6,0.2,0.9,30,31,4.03148764439672,5,11,0.011,1,0.447753118027514,0.1,6.308316309785,15.803621715284,0.175496391430129,0.592916671145461,0.158520903342921,0.105315201280506,0.0930491520622933,0.127280115152332,0.171883746127185,0.100578269671401,8.16323148601576,"import_ON",0.0527869653913755,1.68657764010597,17.4901993553899,TRUE,0.0200819025940648,TRUE,0.416977108849999,TRUE,TRUE,TRUE,TRUE,TRUE,2091
"10",1.84897594431648,6.64535019180737,7.7683922049473,10.1527394226671,12.0655538408924,0.0812322788531892,0.124963080445118,0.416175728827273,0.180458463633549,2.81960338816606,6196731,197.962043279505,0.274214636577759,0.2,30,0.1,0.6,0.2,0.9,30,31,6.46880962090986,5,11,0.011,1,0.601262275882019,0.1,4.79637424749089,12.5647664524382,0.224405554917331,0.540839919023216,0.208490820023714,0.128726765283961,0.0984955841344055,0.0828805716825709,0.11476998505597,0.02059212095294,14.3533750245651,"import_ON",0.0751355861496596,1.84897594431648,14.4137423967547,TRUE,0.00938503132983471,TRUE,0.568868995123317,TRUE,TRUE,TRUE,TRUE,TRUE,2091
"12",1.00137299167458,3.7560977505357,5.46195766801247,10.5600932136981,7.03542067393661,0.094344220879022,0.144711990935332,0.370159135395382,0.482387779655517,2.6266459840741,6196731,203.332179829767,0.400955044422299,0.2,30,0.1,0.6,0.2,0.9,30,31,6.71049077907437,5,11,0.011,1,0.437113824059442,0.1,2.75472475886112,8.21668242687359,0.319672326081796,0.998628890846872,0.3630126736921,0.183084538691397,0.0946961338090122,0.142137911341193,0.0814132875832648,0.274113778329233,8.08068056993529,"import_ON",0.0632556117449983,1.00137299167458,9.21805541854818,TRUE,0.0258398083304739,TRUE,0.399103765127303,TRUE,TRUE,TRUE,TRUE,TRUE,2091
"14",1.20218913309742,5.67134314661147,9.8981709118234,10.7676561792486,11.0952199112065,0.0569897063674871,0.109107498929161,0.366815810693172,0.371075503998145,2.21241552924924,6196731,251.39115958862,0.219652251949534,0.2,30,0.1,0.6,0.2,0.9,30,31,7.34707889405452,5,11,0.011,1,0.573212130975258,0.1,4.46915401351405,14.3673249253375,0.153989384993134,0.831815870289493,0.223755994305891,0.101028766719465,0.0928707216643116,0.0901289030774387,0.0781600001288509,0.0779417841422672,11.7967802623356,"import_ON",0.0625417419665648,1.20218913309742,15.5695140584349,TRUE,0.0148513158023305,TRUE,0.544739335999832,TRUE,TRUE,TRUE,TRUE,TRUE,2091
"18",2.67134390617488,6.3876747210254,7.35467025703401,10.3820797596779,12.886487573199,0.0505305338015314,0.179234693117021,0.350077813754044,0.295020251931041,1.81297732207552,6196731,279.40371517801,0.19897856898699,0.2,30,0.1,0.6,0.2,0.9,30,31,3.64240475569852,5,11,0.011,1,0.657763718341384,0.1,3.71633081485052,11.0710010718845,0.163759113589076,0.374343414821459,0.269082611269154,0.135968026444639,0.0963198148297627,0.0776006645969052,0.0729303364549189,0.0417090193644722,14.2899635325397,"import_ON",0.117894078200428,2.67134390617488,13.7423449780594,TRUE,0.0185113671364866,TRUE,0.612023598072639,TRUE,TRUE,TRUE,TRUE,TRUE,2091
"23",1.2967898614658,3.94957099182531,7.8444058777066,12.5639701891888,10.5694216415286,0.0914039431116544,0.132587734513637,0.30991057180299,0.554745116441802,2.22366911248118,6196731,191.068698772823,0.167569254994392,0.2,30,0.1,0.6,0.2,0.9,30,31,7.11594286810979,5,11,0.011,1,0.658817691815132,0.1,2.65278113035951,10.4971870080661,0.211834762091263,0.771134961580951,0.376962874379493,0.127479380285759,0.079592675320138,0.094612556288877,0.0469324999573348,0.401022404658325,9.92117934651931,"import_ON",0.0873511452152717,1.2967898614658,11.7939768695319,TRUE,0.0227946657903131,TRUE,0.626162563623285,TRUE,TRUE,TRUE,TRUE,TRUE,2091
"27",1.67040615343722,3.03295008343644,9.78415731250425,12.3984697786556,10.1182684343308,0.0588307861508802,0.0618559044565307,0.51799655664654,0.282415249005426,1.97396151086315,6196731,215.580526034203,0.106608175295871,0.2,30,0.1,0.6,0.2,0.9,30,31,3.37291095932573,5,11,0.011,1,0.48737686165967,0.1,1.36254392999923,11.1467012425035,0.177089299149442,0.598656798493161,0.733921290890464,0.102206042693323,0.0806551145304671,0.0988311395858056,0.217850861946054,0.0490896009553153,10.1103938671682,"import_ON",0.0301471365891443,1.67040615343722,12.8171073959407,TRUE,0.00904890808952928,TRUE,0.471442362362579,TRUE,TRUE,TRUE,TRUE,TRUE,2091
"37",2.5273237455124,6.06942828760715,5.1812346626888,12.1833057704847,5.59967836636119,0.0808429295436945,0.100324037743756,0.333132027327712,0.448103773353854,2.67713178410195,6196731,169.719562141725,0.453379342134111,0.2,30,0.1,0.6,0.2,0.9,30,31,6.32961568198167,5,11,0.011,1,0.683917648152821,0.1,3.54210454209475,8.72333920478355,0.306893005219138,0.395675465707799,0.282318036668849,0.193004190140473,0.0820795290570971,0.178581685335229,0.0559071058031414,0.261703304895285,9.51833485134278,"import_ON",0.0686133799469042,2.5273237455124,11.250662950296,TRUE,0.0149761434621429,TRUE,0.660632496707801,TRUE,TRUE,TRUE,TRUE,TRUE,2091
"41",2.48324017203646,5.41040086190449,8.16952618800569,10.9305630237865,10.3185440850817,0.0903963007011917,0.0855226677069441,0.449525352579262,0.361381401338964,1.73414252577536,6196731,297.276813534577,0.240979667750187,0.2,30,0.1,0.6,0.2,0.9,30,31,7.37420087388391,5,11,0.011,1,0.466248284340976,0.1,2.92716068986803,11.0966868778737,0.156275701464836,0.402699670881983,0.341627982181287,0.122406119643533,0.0914865956880585,0.0969128969895839,0.135512856966785,0.0787965103327231,10.0965118826613,"import_ON",0.039874797090626,2.48324017203646,13.5799270499102,TRUE,0.0138931660796893,TRUE,0.44408113229228,TRUE,TRUE,TRUE,TRUE,TRUE,2091
"45",1.85924511724152,8.522503427763,7.55645261815516,12.3100945472531,10.8078722094558,0.0596488967780024,0.0987543177746004,0.348126339794323,0.52790252699604,1.60948164405674,6196731,166.390523621708,0.233419454893097,0.2,30,0.1,0.6,0.2,0.9,30,31,3.51426239303593,5,11,0.011,1,0.562833052239334,0.1,6.66325831052149,14.2197109286767,0.113186664070007,0.537852696627574,0.150076727240331,0.132337228926361,0.0812341445600954,0.0925251502441988,0.0607598857551961,0.278420917115616,9.73835927244587,"import_ON",0.0555821940948915,1.85924511724152,16.0789560459182,TRUE,0.0181487499877054,TRUE,0.537104293219361,TRUE,TRUE,TRUE,TRUE,TRUE,2091
"49",1.34827410920523,8.83161723893602,9.44851253561792,11.1341728943912,8.21772512713447,0.0695648158655968,0.0721021710846806,0.39258720413663,0.592187929867185,1.55384239348583,6196731,91.3373007781478,0.441063657411374,0.2,30,0.1,0.6,0.2,0.9,30,31,6.37714725092286,5,11,0.011,1,0.509389998171292,0.1,7.48334312973078,16.9318556653487,0.0917703543071059,0.741688943793092,0.133630114597722,0.10583676491197,0.0898135864679938,0.121688178240235,0.0892929809815821,1.05916372384458,6.43011443200078,"import_ON",0.0367281247969716,1.34827410920523,18.2801297745539,TRUE,0.0167627023529906,TRUE,0.490683768042846,TRUE,TRUE,TRUE,TRUE,TRUE,2091
"54",2.09077993563376,7.66714819918619,5.56801254064776,10.0587263903837,9.14629286176525,0.0544430196203757,0.138484455949324,0.358113307208219,0.436794583735231,2.09393982065842,6196731,265.141041616704,0.242595238722861,0.2,30,0.1,0.6,0.2,0.9,30,31,5.7718080227077,5,11,0.011,1,0.677479631460272,0.1,5.57636826355243,11.1443808042002,0.187891984081272,0.478290413523065,0.179328185072725,0.179597296647551,0.0994161647498453,0.109333914309737,0.0791790039184817,0.147385272285306,9.49456243587901,"import_ON",0.0938203981795244,2.09077993563376,13.235160739834,TRUE,0.0216620090530969,TRUE,0.644087807878484,TRUE,TRUE,TRUE,TRUE,TRUE,2091
"55",1.40679524008185,6.59877196630463,5.51175643752795,12.190149230517,9.38873615934514,0.0725915210116655,0.116206858529476,0.38146219356053,0.467190909631783,1.44445745118149,6196731,285.641198870132,0.248523256267421,0.2,30,0.1,0.6,0.2,0.9,30,31,4.07042480882397,5,11,0.011,1,0.56536543220575,0.1,5.19197672622278,10.7037331637507,0.13494894062506,0.710835501506119,0.192604869538294,0.181430368220063,0.0820334502137666,0.106510608353249,0.0758437067174797,0.181038895566763,9.81170062107372,"import_ON",0.0656993407977899,1.40679524008185,12.1105284038326,TRUE,0.0207098830584231,TRUE,0.534802246457387,TRUE,TRUE,TRUE,TRUE,TRUE,2091
"64",1.76441329554189,6.4872988376487,9.84240173518192,11.2687583189784,5.954259561738,0.0513006202527322,0.0799507911554771,0.442689722169726,0.580895140551147,2.298821834784,6196731,182.965744771734,0.378947610689327,0.2,30,0.1,0.6,0.2,0.9,30,31,4.39660188350454,5,11,0.011,1,0.553672972261393,0.1,4.72288554210681,14.5652872772887,0.157828801521031,0.566760635122554,0.211734963950431,0.101601217559071,0.0887409217318862,0.167946994858267,0.124903763938609,1.12032725798517,5.45690096511218,"import_ON",0.0442665921737029,1.76441329554189,16.3297005728306,TRUE,0.0205598503056293,TRUE,0.533000495657335,TRUE,TRUE,TRUE,TRUE,TRUE,2091
"65",2.86317899721442,8.40886567273177,8.52175108850352,11.2285621540667,9.82822590090334,0.0841987852053717,0.133728747568373,0.389437087014667,0.51925634839799,2.31791220454685,6196731,179.184967906815,0.18982816937007,0.2,30,0.1,0.6,0.2,0.9,30,31,4.35259811935527,5,11,0.011,1,0.42605995719335,0.1,5.54568667551735,14.0674377640209,0.164771456140733,0.349262131697983,0.180320320730473,0.117346774109499,0.0890585977330874,0.10174776303301,0.0867290385894435,0.278505549001738,8.31850809043999,"import_ON",0.0569764644645012,2.86317899721442,16.9306167612353,TRUE,0.0270423170470083,TRUE,0.391383119106634,TRUE,TRUE,TRUE,TRUE,TRUE,2091
"72",2.80325100948103,8.97384511248674,5.08789173468831,10.4017649908119,6.71327242019586,0.0742454999594484,0.106545276279608,0.455860124981962,0.185412104825955,1.97611520336941,6196731,119.768327313568,0.480625418232288,0.2,30,0.1,0.6,0.2,0.9,30,31,4.55697147839935,5,11,0.011,1,0.416043130254513,0.1,6.17059410300571,11.258485837694,0.175522288863505,0.356728668470232,0.162058949804022,0.196545062698993,0.0961375305905602,0.148958650477471,0.149455190699477,0.0384279144915022,9.40834379391173,"import_ON",0.0443274302571999,2.80325100948103,14.0617368471751,TRUE,0.00900541827326568,TRUE,0.388957171908107,TRUE,TRUE,TRUE,TRUE,TRUE,2091
"77",1.91761709810235,7.83660080490634,6.7459966362163,12.588727862027,7.23672074679285,0.0936142830052413,0.070023357988894,0.475443189013726,0.572511022295628,2.58084138875641,6196731,89.4217172245611,0.482815321914852,0.2,30,0.1,0.6,0.2,0.9,30,31,5.35047016187618,5,11,0.011,1,0.618823970618565,0.1,5.91898370680399,12.6649803430203,0.203777765054228,0.521480540087794,0.168947922402706,0.148236065614299,0.0794361440615797,0.138184135465387,0.144454750534221,0.781980791563296,5.5532229275249,"import_ON",0.0433321324267326,1.91761709810235,14.5825974411226,TRUE,0.0190601105950361,TRUE,0.601558657605647,TRUE,TRUE,TRUE,TRUE,TRUE,2091
"78",2.56656374141807,7.82413719656412,7.45593705303618,11.4206777747732,6.92661784169264,0.0850976411527954,0.182431057894928,0.377001280529611,0.532293777743587,2.25707828441262,6196731,68.9394336368842,0.428593811479863,0.2,30,0.1,0.6,0.2,0.9,30,31,6.04040566828288,5,11,0.011,1,0.410011876345845,0.1,5.25757345514605,12.7135105081822,0.177533835596392,0.389626013904289,0.190201812400968,0.134121303987241,0.0875604775584221,0.144370603785993,0.0786549273036394,0.456960382744971,7.67926719523259,"import_ON",0.0747989003512571,2.56656374141807,15.2800742496003,TRUE,0.0366094320514959,TRUE,0.362313637674937,TRUE,TRUE,TRUE,TRUE,TRUE,2091
"92",1.3914387498796,3.28248987223255,6.56598858443904,12.8905889394658,9.47765506205149,0.0550557208436076,0.115887659302983,0.496997842711117,0.586990304422972,2.16858491561376,6196731,220.435973873762,0.479408801111393,0.2,30,0.1,0.6,0.2,0.9,30,31,6.06490302266181,5,11,0.011,1,0.544381887881504,0.1,1.89105112235295,8.45703970679198,0.256423641226626,0.718680574395768,0.52880643372335,0.152299990647248,0.0775759745885932,0.105511330962444,0.170397999132417,0.806303134955888,5.12939561272437,"import_ON",0.0630871427535262,1.3914387498796,9.84847845667158,TRUE,0.0338082446598919,TRUE,0.513702786129408,TRUE,TRUE,TRUE,TRUE,TRUE,2091
"93",1.98232792743249,4.11174331688555,7.17465153767844,10.6231241196953,9.33722862501629,0.0877935108761303,0.155120728483284,0.365803740698658,0.195919847087935,1.80071224047989,6196731,139.978131648302,0.118750518019311,0.2,30,0.1,0.6,0.2,0.9,30,31,5.2493549538441,5,11,0.011,1,0.626560473000351,0.1,2.12941538945306,9.3040669271315,0.193540336132885,0.504457403924688,0.469612460280401,0.13937959143359,0.0941342667874886,0.107098159438958,0.078715010288206,0.0298658732212463,13.0865741206963,"import_ON",0.0971925170106454,1.98232792743249,11.286394854564,TRUE,0.0111172254006389,TRUE,0.586357519143368,TRUE,TRUE,TRUE,TRUE,TRUE,2091
"94",2.55607084562769,5.07183503123699,5.9468110675225,12.5268543897511,8.4568112127576,0.0708205322076101,0.0630214320783271,0.466887753222347,0.409134173247498,1.850690186169,6196731,152.150716088517,0.292549620125443,0.2,30,0.1,0.6,0.2,0.9,30,31,5.57303540378809,5,11,0.011,1,0.634237769894535,0.1,2.5157641856093,8.4625752531318,0.218691134886405,0.391225462983766,0.397493535252712,0.1681573516706,0.0798285003470747,0.118247880299307,0.135356163852789,0.131307784490399,8.65429334174803,"import_ON",0.039970572536918,2.55607084562769,11.0186460987595,TRUE,0.0120383372495031,TRUE,0.619009355711098,TRUE,TRUE,TRUE,TRUE,TRUE,2091
"101",2.64977604812477,3.56148358072853,9.76366098378203,11.5526157750341,7.54241154990159,0.0635831531023141,0.115053571871226,0.307062269381853,0.247612230504747,2.75636592596769,6196731,141.42376757602,0.262818417591974,0.2,30,0.1,0.6,0.2,0.9,30,31,6.66807377170585,5,11,0.011,1,0.590999253952689,0.1,0.91170753260376,10.6753685163858,0.258198667496762,0.377390383880817,1.09684297237743,0.102420598345339,0.0865604828787835,0.132583589927952,0.0501460117971818,0.0527193126798512,12.7115109585022,"import_ON",0.0679965751404865,2.64977604812477,13.3251445645106,TRUE,0.00874779614044948,TRUE,0.561159610428511,TRUE,TRUE,TRUE,TRUE,TRUE,2091
"103",1.62943921171362,4.65810207116185,6.00065063634538,12.1404057062569,7.16849995196797,0.0710708214477636,0.196194007615978,0.359674606431858,0.22834752971225,2.46760258065909,6196731,247.470964577885,0.375066724298522,0.2,30,0.1,0.6,0.2,0.9,30,31,6.22930189285567,5,11,0.011,1,0.458798451247439,0.1,3.02866285944823,9.02931349579361,0.273287950607612,0.613708073803097,0.330178711334738,0.166648595394488,0.0823695701935748,0.139499198814317,0.0662526240586138,0.048814992733595,12.0387444036477,"import_ON",0.0900135068382389,1.62943921171362,10.6587527075072,TRUE,0.0161135723465072,TRUE,0.405264195875975,TRUE,TRUE,TRUE,TRUE,TRUE,2091
"104",2.87586463895626,4.40942895415938,7.0801767522993,11.6641944366286,8.43551210447215,0.0750209788864013,0.14939185783905,0.37810047222015,0.393772816987999,1.94125787246414,6196731,201.314114706866,0.237078082100488,0.2,30,0.1,0.6,0.2,0.9,30,31,6.33970642515924,5,11,0.011,1,0.476483035448892,0.1,1.53356431520311,8.61374106750242,0.225367567616821,0.347721511803466,0.652075684134288,0.141239411809211,0.0857324528867369,0.118546448350165,0.077560219679819,0.118784003652632,10.3375078030241,"import_ON",0.0711826858944998,2.87586463895626,11.4896057064587,TRUE,0.0222423095435275,TRUE,0.436361751013134,TRUE,TRUE,TRUE,TRUE,TRUE,2091
"105",2.35348022355465,4.70911737524439,7.40284640411846,11.9538975723321,6.66578878658824,0.0603428345690481,0.131191559526604,0.413634037074842,0.582440381348773,2.00538540783525,6196731,195.074870838085,0.161171045149677,0.2,30,0.1,0.6,0.2,0.9,30,31,3.46692301949952,5,11,0.011,1,0.511150383122452,0.1,2.35563715168973,9.7584835558082,0.205501745877478,0.424902656921255,0.424513596791715,0.135083175499044,0.0836547238211706,0.15001975490313,0.095789139255266,1.03429635773549,6.41714263173328,"import_ON",0.0670586159144554,2.35348022355465,12.1119637793628,TRUE,0.0316062987626699,TRUE,0.476012507091524,TRUE,TRUE,TRUE,TRUE,TRUE,2091
"110",1.93237016327214,3.02174687627703,8.55192971937358,11.3668245888839,12.3124397641048,0.065658905295888,0.166573703354783,0.473932532460778,0.308401330416091,1.94701612592675,6196731,272.056091664748,0.25960133621702,0.2,30,0.1,0.6,0.2,0.9,30,31,7.27551395950746,5,11,0.011,1,0.412990887203952,0.1,1.08937671300489,9.64130643237848,0.201945259139163,0.51749919296346,0.917956101009025,0.116932672836938,0.0879753173087533,0.0812186714541631,0.157989640656325,0.0474444581171921,11.8378541740038,"import_ON",0.0687934215333399,1.93237016327214,11.5736765956506,TRUE,0.0243466496063935,TRUE,0.369625251399505,TRUE,TRUE,TRUE,TRUE,TRUE,2091
"121",2.81590064065531,5.94735815752298,5.54707204932929,10.7059322706738,11.221421494931,0.0660764318956062,0.0603315388487419,0.435862702967413,0.472609556671872,2.01648930303007,6196731,109.544455292942,0.491375202383846,0.2,30,0.1,0.6,0.2,0.9,30,31,5.3987834864296,5,11,0.011,1,0.442266415274236,0.1,3.13145751686767,8.67852956619696,0.232353797685306,0.355126166584941,0.319340113865022,0.180275285971977,0.0934061578868052,0.0891152694381658,0.125066121906227,0.158299401058334,8.61903724813845,"import_ON",0.0266826134146114,2.81590064065531,11.4944302068523,TRUE,0.0124278673710467,TRUE,0.42697665487882,TRUE,TRUE,TRUE,TRUE,TRUE,2091
"128",1.32593857589178,8.71003502699314,6.40802659541951,12.4454491427832,10.5185292138159,0.0899189263891894,0.119901057308051,0.505137308362802,0.25602950122254,2.2290870982632,6196731,116.849939401397,0.460258929667529,0.2,30,0.1,0.6,0.2,0.9,30,31,3.71199209674448,5,11,0.011,1,0.557646846832801,0.1,7.38409645110136,13.7921230465209,0.161620302454125,0.754182748870879,0.135426183368833,0.156054283656501,0.0803506557720238,0.0950703258670913,0.190623599386136,0.0399255590625796,11.0980206919272,"import_ON",0.0668624465397535,1.32593857589178,15.1180616224126,TRUE,0.0155068101094784,TRUE,0.525950754498228,TRUE,TRUE,TRUE,TRUE,TRUE,2091
"138",2.26287940026028,3.35807304838439,5.96114103928558,12.4380977457226,11.4136193340458,0.0960037396566477,0.146665010870108,0.458632218230935,0.507022596243594,1.40538612626307,6196731,167.88459550496,0.207245580014773,0.2,30,0.1,0.6,0.2,0.9,30,31,4.59314831392467,5,11,0.011,1,0.445608683172287,0.1,1.09519364812411,7.05633468740969,0.199166591229103,0.441914845256437,0.913080533029785,0.167753118641167,0.0803981461187578,0.087614626941087,0.127701971904564,0.21170964512574,8.14623767358775,"import_ON",0.0653552023612782,2.26287940026028,9.31921408766997,TRUE,0.0341050266741043,TRUE,0.406842772539555,TRUE,TRUE,TRUE,TRUE,TRUE,2091
"139",2.51759881555801,3.22264500161866,6.90556600788841,12.1609562045592,10.9437796487473,0.0622671121358871,0.0676788191601634,0.37083640885544,0.332148663660046,2.15118383294344,6196731,240.761829534327,0.247585359194316,0.2,30,0.1,0.6,0.2,0.9,30,31,6.66135998537857,5,11,0.011,1,0.468314114007307,0.1,0.705046186060645,7.61061219394905,0.282655820336474,0.397203872920617,1.41834679737419,0.144810722083849,0.0822303758996432,0.0913761088121385,0.0710026759940725,0.0618597246789004,13.0518959381724,"import_ON",0.0316949462320527,2.51759881555801,10.1282110095071,TRUE,0.00833619085035813,TRUE,0.450910760071164,TRUE,TRUE,TRUE,TRUE,TRUE,2091
"150",1.2616135447938,6.82628253021045,5.81613176199025,10.1434933304251,10.5532683993038,0.0776914482938591,0.095487086616247,0.355387036768184,0.598186626961804,1.55119936036505,6196731,195.973229077791,0.467461213042028,0.2,30,0.1,0.6,0.2,0.9,30,31,5.96466546203149,5,11,0.011,1,0.630251029830147,0.1,5.56466898541665,11.3808007474069,0.13629966772931,0.792635751357157,0.179705208453675,0.171935582088292,0.0985853657536826,0.0947573739398092,0.0771790835338101,0.979194078763326,6.62057345618544,"import_ON",0.0601808346753701,1.2616135447938,12.6424142922007,TRUE,0.0202993870739834,TRUE,0.606574345563451,TRUE,TRUE,TRUE,TRUE,TRUE,2091
"152",1.60457984747132,6.53462051547132,5.79608711595065,10.1730066710676,10.0150715361256,0.0675864019382279,0.148697359233745,0.368675351330452,0.27816566051211,2.34205125170387,6196731,270.939913050884,0.459386694109999,0.2,30,0.1,0.6,0.2,0.9,30,31,5.61981021712394,5,11,0.011,1,0.530154125616839,0.1,4.930040668,10.7261277839507,0.218350116545157,0.623216103315714,0.202838083363251,0.17253018803807,0.0982993555724327,0.0998495114481085,0.0837145958688897,0.0482862878155652,12.2446470314397,"import_ON",0.0788325184660993,1.60457984747132,12.330707631422,TRUE,0.0152493339051695,TRUE,0.489945222989431,TRUE,TRUE,TRUE,TRUE,TRUE,2091
"159",1.52875117985066,6.20627486958168,6.31921525018988,11.2529098023905,8.81860665688291,0.0579419379704632,0.120232695686957,0.49317717652896,0.194037592249166,2.9863446094282,6196731,110.921070838287,0.213819226257037,0.2,30,0.1,0.6,0.2,0.9,30,31,3.41359155840706,5,11,0.011,1,0.566906154909963,0.1,4.67752368973102,10.9967389399209,0.271566382155988,0.654128685675119,0.213788334668489,0.158247497578113,0.0888659038027272,0.113396598681437,0.188487976964015,0.0311899459901065,10.5217749973676,"import_ON",0.0681606552063524,1.52875117985066,12.5254901197716,TRUE,0.0115056572195701,TRUE,0.535226917054093,TRUE,TRUE,TRUE,TRUE,TRUE,2091
"160",1.64827811584575,8.18647294604452,7.28239464543876,12.8105095738242,9.42898280648515,0.0641516151870601,0.138331295200484,0.380396662990935,0.32518537434208,1.45775233161822,6196731,212.190094476279,0.179070643888321,0.2,30,0.1,0.6,0.2,0.9,30,31,3.21670798549522,5,11,0.011,1,0.438038118510414,0.1,6.53819483019877,13.8205894756375,0.105476856409627,0.606693731104285,0.152947415298971,0.137317468866692,0.0780609072759528,0.106055978733168,0.0716749096801332,0.0687569354574222,12.3988300275644,"import_ON",0.0605943802807286,1.64827811584575,15.4688675914833,TRUE,0.0171115025408163,TRUE,0.40178995133378,TRUE,TRUE,TRUE,TRUE,TRUE,2091
"163",2.84073226658627,7.29629804359982,8.32061200368917,12.9248383753304,10.4134678184893,0.0974910323340446,0.0869303419196513,0.454891569511406,0.596888178033987,2.28125678513758,6196731,270.018478991613,0.197751090033911,0.2,30,0.1,0.6,0.2,0.9,30,31,4.4238188899816,5,11,0.011,1,0.456781705858372,0.1,4.45556577701354,12.7761777807027,0.178555497919199,0.352021910604658,0.224438387860649,0.120183467220515,0.0773704065738024,0.0960294896407595,0.119385981823233,0.953946842709057,6.03482951764501,"import_ON",0.0397081898729099,2.84073226658627,15.616910047289,TRUE,0.0236032742910051,TRUE,0.434319559520418,TRUE,TRUE,TRUE,TRUE,TRUE,2091
"164",2.50668522711843,3.48766654110979,8.06816171221435,10.0670326734637,12.2383733189385,0.0886717978462111,0.178290871139546,0.312011741757137,0.584408842439239,1.84531913844869,6196731,75.0206835263944,0.28109286014596,0.2,30,0.1,0.6,0.2,0.9,30,31,4.48244000370754,5,11,0.011,1,0.555354240344046,0.1,0.98098131399136,9.04914302620571,0.203921977264009,0.398933216337479,1.01938740905396,0.123943970841103,0.0993341367249121,0.0817102055918272,0.0593424124507439,0.58833829195649,7.79455776692597,"import_ON",0.0990145913019807,2.50668522711843,11.5558282533241,TRUE,0.0325099890550713,TRUE,0.506489499870486,TRUE,TRUE,TRUE,TRUE,TRUE,2091
"169",1.38846493596444,8.03969436312793,7.0625040883664,10.2429879744549,5.39094329144806,0.0730981911290437,0.191473706751433,0.393704637476592,0.503823466386821,2.87881570280157,6196731,159.07558308555,0.30406792287156,0.2,30,0.1,0.6,0.2,0.9,30,31,4.79153204499558,5,11,0.011,1,0.578811356615834,0.1,6.65122942716349,13.7137335155299,0.209922097402688,0.720219844302652,0.150348144046275,0.141592838388191,0.0976277627674574,0.185496293679504,0.0977794044932941,0.434526650376959,6.73036309686472,"import_ON",0.110827155961059,1.38846493596444,15.1021984514943,TRUE,0.0379802716715164,TRUE,0.526314094939093,TRUE,TRUE,TRUE,TRUE,TRUE,2091
"170",1.07372445939342,5.20253756061662,9.04152478607721,12.9458884373598,7.3669503316842,0.0980030663690996,0.178721423355211,0.320215175635018,0.531420511827106,1.73786977094226,6196731,232.438387699218,0.297859136403073,0.2,30,0.1,0.6,0.2,0.9,30,31,6.16191623735754,5,11,0.011,1,0.602550976513419,0.1,4.1288131012232,13.1703378873004,0.131953317053316,0.931337636254403,0.242200355279763,0.11060081387377,0.0772446020092491,0.135741379400801,0.0485566290356158,0.425288228859632,9.73148493040407,"import_ON",0.10768876816655,1.07372445939342,14.2440623466938,TRUE,0.0304128302583072,TRUE,0.554584757753262,TRUE,TRUE,TRUE,TRUE,TRUE,2091
"172",2.06527871694183,5.06845752967056,8.86887351634796,10.750250094966,6.08050165988505,0.0869351315395906,0.164787343713944,0.429963056954066,0.258384010543232,2.56451454076357,6196731,129.067390956699,0.227070967650972,0.2,30,0.1,0.6,0.2,0.9,30,31,4.97159008742683,5,11,0.011,1,0.44988124493598,0.1,3.00317881272873,11.8720523290767,0.216012738967014,0.484196148343965,0.332980505776606,0.112753891253123,0.093021091710998,0.164460114631217,0.119382069015901,0.0701222205840069,8.97092344849565,"import_ON",0.0741347353397223,2.06527871694183,13.9373310460185,TRUE,0.0183071453685651,TRUE,0.405832818162941,TRUE,TRUE,TRUE,TRUE,TRUE,2091
"181",2.4569695909135,7.92726746795,6.45375533835031,11.811215190246,9.5520033860486,0.068171241520904,0.180775322959945,0.38675237543711,0.423297406234778,2.37127845983021,6196731,89.3904814994428,0.133474056984764,0.2,30,0.1,0.6,0.2,0.9,30,31,3.96529923920846,5,11,0.011,1,0.474696886142949,0.1,5.4702978770365,11.9240532153868,0.198865135621024,0.407005444307595,0.182805401548214,0.154948545083151,0.0846652934429495,0.104690080141782,0.0810158252918221,0.128176324759083,10.329998494103,"import_ON",0.0858134829005716,2.4569695909135,14.3810228063003,TRUE,0.029594959040133,TRUE,0.425387375517464,TRUE,TRUE,TRUE,TRUE,TRUE,2091
"184",2.42269141479861,3.61208022450563,5.65087034999742,11.2300715332781,6.39671533559449,0.0780973192814272,0.0752885335322237,0.343845755521138,0.594207089677977,1.79466496690921,6196731,148.393889687613,0.381743832909502,0.2,30,0.1,0.6,0.2,0.9,30,31,7.01920716267685,5,11,0.011,1,0.470130732441833,0.1,1.18938880970702,6.84025915970444,0.262367978318933,0.412764082908647,0.84076795732283,0.176963890173211,0.0890466278007845,0.156330233180067,0.0648427226738694,1.43745032458703,7.12561440492906,"import_ON",0.0353954534139758,2.42269141479861,9.26295057450305,TRUE,0.015382620824102,TRUE,0.45068756991297,TRUE,TRUE,TRUE,TRUE,TRUE,2091
"185",1.43370980075561,8.85357653434156,5.60538462569239,10.3393688996753,12.1378609439079,0.0618581724972464,0.17995515626315,0.375080754951597,0.459414121448412,1.52664767157845,6196731,243.309158617845,0.163139661634341,0.2,30,0.1,0.6,0.2,0.9,30,31,5.81987477284623,5,11,0.011,1,0.481477042663563,0.1,7.41986673358595,13.0252513592783,0.117206772404509,0.697491221356632,0.134773310074898,0.178399889887392,0.0967177019896642,0.082386839379793,0.0858142801708743,0.131661530754588,10.1503332042523,"import_ON",0.086644276449641,1.43370980075561,14.4589611600339,TRUE,0.0310094038355543,TRUE,0.43228805166857,TRUE,TRUE,TRUE,TRUE,TRUE,2091
"190",2.79783564175013,4.95725859901635,6.38477853443474,10.1955038047151,5.40001705036499,0.0794252292541787,0.151944186718878,0.391225179519644,0.517662806674314,1.99285930219293,6196731,235.116848733681,0.388953898437787,0.2,30,0.1,0.6,0.2,0.9,30,31,6.08371426701033,5,11,0.011,1,0.463410084836278,0.1,2.15942295726622,8.54420149170095,0.233241140688057,0.357419136806217,0.463086676297069,0.156622503757451,0.0980824507698707,0.185184600469439,0.0966441349948499,0.498435530099787,6.5982062970192,"import_ON",0.0704124684577747,2.79783564175013,11.3420371334511,TRUE,0.0307721506619593,TRUE,0.422765584781999,TRUE,TRUE,TRUE,TRUE,TRUE,2091
"192",1.82249107701238,5.66652867986122,8.11387277274625,11.167520010022,6.79337714409456,0.0827876585992053,0.1290146400203,0.327687903188751,0.287272749441559,2.044290459143,6196731,205.241016368845,0.123461160417181,0.2,30,0.1,0.6,0.2,0.9,30,31,5.74919070610031,5,11,0.011,1,0.544686667121248,0.1,3.84403760284884,11.9579103755951,0.170957165167853,0.548699531434362,0.260143136804618,0.12324570867797,0.0895453958535626,0.147202191014714,0.058962464278049,0.0753783351943956,11.2264063449084,"import_ON",0.0702725542825047,1.82249107701238,13.7804014526075,TRUE,0.0121448969831974,TRUE,0.510272247016033,TRUE,TRUE,TRUE,TRUE,TRUE,2091
